msanecma,population,msaname,WRLURI,FLAT_SHARE_50_15,S_LAND_50,lu11,lu91,lu92,unaval,elasticity
40.0,126441,"Abilene, TX (MSA)",0.10083067,99.0,100.0,0.008205138766628116,5.8334758760634734e-05,0.001262170759215991,0.019525643,3.0948513
80.0,695781,"Akron, OH (PMSA)",0.067560114,99.0,100.0,0.018677070154204035,0.027904277828240315,0.007950972754316242,0.06453232,2.5854928
120.0,120855,"Albany, GA (MSA)",-0.49810675,100.0,100.0,0.013510200774124338,0.1063221305107461,0.007465525496682098,0.12729786,3.3922868
160.0,876129,"Albany-Schenectady-Troy, NY (MSA)",-0.09178428,81.0,100.0,0.021399630854824075,0.01864738550721883,0.0032548598653979483,0.23330188,1.700388
200.0,714554,"Albuquerque, NM (MSA)",0.373471,89.0,100.0,0.00327672679332782,0.0025932185938059016,0.00046274574374371996,0.11633269,2.11238
220.0,126443,"Alexandria, LA (MSA)",-1.6766891,100.0,100.0,0.03951704931740462,0.14275657613225465,0.009735804043089349,0.19200943,7.1480856
240.0,638643,"Allentown-Bethlehem-Easton, PA (MSA)",0.022797078,82.0,100.0,0.014680750647906745,0.009850346740745686,0.00406788094509757,0.20859897,1.8622904
280.0,129016,"Altoona, PA (MSA)",0.37206283,65.0,100.0,0.00861053728251421,0.001380155717538922,0.0005996672821600034,0.36059037,2.1776206
320.0,218321,"Amarillo, TX (MSA)",-0.3986942,97.0,100.0,0.004425994400153009,2.147978726373769e-05,0.0006320743281579282,0.03507955,3.4720654
440.0,581548,"Ann Arbor, MI (PMSA)",0.30975512,100.0,99.0,0.026922447054531232,0.05159163973692247,0.009418679225429837,0.09705344,2.2907684
460.0,359274,"Appleton-Oshkosh-Neenah, WI (MSA)",-0.15223685,100.0,99.0,0.09504133993584087,0.05998065240199327,0.016072991613697372,0.17938404,2.2756798
480.0,226628,"Asheville, NC (MSA)",-0.61086994,33.0,100.0,0.0034113124355155634,0.0013013496104279227,0.00011801867637930338,0.6748307,1.5458176
520.0,4144774,"Atlanta, GA (MSA)",0.034925,99.0,100.0,0.011698651694817128,0.01827148173659006,0.0008524093658055763,0.040822543,2.5536988
560.0,355359,"Atlantic-Cape May, NJ (PMSA)",0.68825674,100.0,46.0,0.031084128443884203,0.11304880171884488,0.09890646972425357,0.6517981,1.1185694
580.0,115481,"Auburn-Opelika, AL (MSA)",-1.1937114,99.0,100.0,0.027584525832421995,0.05484409803722373,0.0020915174607006896,0.094520144,5.2154036
600.0,478200,"Augusta-Aiken, GA-SC (MSA)",-1.091925,100.0,100.0,0.022634314016740403,0.07976271570924481,0.001957824758267824,0.10435485,3.568282
640.0,1263559,"Austin-San Marcos, TX (MSA)",-0.2833971,98.0,100.0,0.017080148613121567,0.0,0.0005455953379153085,0.037625745,3.002909
680.0,663865,"Bakersfield, CA (MSA)",0.3953429,76.0,100.0,0.001958196045937676,0.00014215579280854273,2.739460590581292e-05,0.24212775,1.6380138
720.0,2557003,"Baltimore, MD (PMSA)",1.6010959,97.0,85.0,0.019703806215633734,0.01956877246096345,0.011573387209870731,0.21871907,1.2349458
733.0,144861,"Bangor, ME (NECMA)",0.5923235,96.0,99.0,0.06297150758223077,0.06288352560248292,0.013555364034721499,0.18761629,2.324309
743.0,223191,"Barnstable-Yarmouth, MA (NECMA)",4.312253,100.0,32.0,0.06582860297616734,0.06701373880624589,0.05370923600577676,0.7396965,1.0065495
760.0,604199,"Baton Rouge, LA (MSA)",-0.813082,100.0,100.0,0.03536210753300225,0.14674116608885332,0.1530828329919649,0.3351861,1.7378802
840.0,384977,"Beaumont-Port Arthur, TX (MSA)",-0.6372842,100.0,100.0,0.04348199260937597,0.05172474190749412,0.09335638105019267,0.18856311,2.4948409
870.0,162568,"Benton Harbor, MI (MSA)",-0.42084888,100.0,54.0,0.020990729389772207,0.04499173361942714,0.011298191491214268,0.5017316,2.0585573
880.0,129555,"Billings, MT (MSA)",-0.1934254,90.0,100.0,0.006743778425542599,0.004712012266710967,0.0019824073346843695,0.1134382,3.06213
920.0,364938,"Biloxi-Gulfport-Pascagoula, MS (MSA)",-0.99127066,100.0,64.0,0.02502514113587832,0.18355798416808497,0.04258510059085632,0.52074766,1.6021414
960.0,251977,"Binghamton, NY (MSA)",-0.80459076,67.0,100.0,0.011710597886636403,0.0009632531224310287,0.0007485795692487992,0.34342244,2.2594266
1000.0,922820,"Birmingham, AL (MSA)",-0.23494875,88.0,100.0,0.014405218431559574,0.008535323409516817,0.0006072129758446828,0.14354776,2.144764
1010.0,94817,"Bismarck, ND (MSA)",-0.3023023,98.0,100.0,0.011013444891835315,0.0016742380994662774,0.025866292984516676,0.058553975,3.464907
1040.0,150814,"Bloomington-Normal, IL (MSA)",-0.20057786,100.0,100.0,0.005432078734991373,0.008116087014000462,0.0004998703320783899,0.014048036,3.4024215
1080.0,435931,"Boise City, ID (MSA)",-0.4626847,65.0,100.0,0.010356327260476387,0.0015293925224618284,0.0015852997859428543,0.36347103,1.6927996
1123.0,6067510,"Boston-Worcester-Lawrence-Lowell-Brocktn, MA-NH (NECMA)",1.7025069,98.0,77.0,0.036621791981634524,0.04973584260232107,0.03524129535456968,0.3390312,0.8581065
1125.0,292817,"Boulder-Longmont, CO (PMSA)",3.121081,59.0,100.0,0.021388041694972444,3.463727846240882e-05,5.518076775735473e-05,0.43147787,1.2232325
1150.0,232541,"Bremerton, WA (PMSA)",0.57227755,64.0,80.0,0.03207460403491303,0.005745674515244338,0.0006018064035700808,0.5187377,1.4866295
1240.0,336991,"Brownsville-Harlingen-San Benito, TX (MSA)",-0.95578474,100.0,81.0,0.06323837146616552,0.0009246930297538566,0.04231444061310837,0.2762468,2.3966222
1260.0,152657,"Bryan-College Station, TX (MSA)",0.38432527,100.0,100.0,0.0165375363870717,0.024512574483245866,0.023156543517335117,0.06420665,2.7198987
1280.0,1168552,"Buffalo-Niagara Falls, NY (MSA)",-0.23118621,99.0,83.0,0.007491444224341546,0.0056656901586785964,0.0015374679675938454,0.19049652,1.82699
1303.0,199372,"Burlington, VT (NECMA)",1.1774004,71.0,100.0,0.12623631876710226,0.02163188905457993,0.009484388714146084,0.4473526,1.5618443
1320.0,406867,"Canton-Massillon, OH (MSA)",-0.80701536,92.0,100.0,0.020151080824842526,0.01913114496431199,0.0064922752040749345,0.1257745,3.0307305
1350.0,66552,"Casper, WY (MSA)",-0.8195934,87.0,100.0,0.002943124536498978,0.0005203805982463614,0.00399911134930538,0.13746262,4.5381074
1360.0,192153,"Cedar Rapids, IA (MSA)",-0.68610734,100.0,100.0,0.009837199287876096,0.016603151774010727,0.008997094009053942,0.035437446,3.9480708
1400.0,179782,"Champaign-Urbana, IL (MSA)",-0.39136863,100.0,100.0,0.00474417318930491,0.009090821587692477,0.0006969745991905136,0.014531969,3.629078
1440.0,550444,"Charleston-North Charleston, SC (MSA)",-0.8060621,100.0,63.0,0.1177754449006819,0.17626555468915892,0.07812460630498946,0.60446435,1.1964433
1480.0,251429,"Charleston, WV (MSA)",-1.1493769,29.0,100.0,0.006927848354550029,0.0002257544844010482,0.00022880028154623232,0.71738243,1.5718449
1520.0,1508050,"Charlotte-Gastonia-Rock Hill, NC-SC (MSA)",-0.5302106,99.0,100.0,0.026161787035685533,0.00968291109182703,0.0010696876309933443,0.046914387,3.0920334
1540.0,160243,"Charlottesville, VA (MSA)",-0.9799601,80.0,100.0,0.008699755437892765,0.007706450962089326,0.0012695364536744538,0.21767575,3.4359303
1560.0,465678,"Chattanooga, TN-GA (MSA)",-0.72058916,77.0,100.0,0.020653242244986714,0.00621138545862659,0.0013594979879292678,0.25822413,2.1130126
1600.0,8289936,"Chicago, IL (PMSA)",0.019291578,100.0,63.0,0.022038395131969167,0.018617135398761496,0.007146690015885423,0.4001154,0.81137383
1620.0,203769,"Chico-Paradise, CA (MSA)",0.94018835,69.0,100.0,0.01730792321980836,0.005627881012884016,0.016285137166084745,0.34922093,1.7394891
1640.0,1649228,"Cincinnati, OH-KY-IN (PMSA)",-0.5770942,92.0,100.0,0.016078769981137917,0.0055306659442614136,0.001348097741459225,0.10295753,2.4609513
1680.0,2250096,"Cleveland-Lorain-Elyria, OH (PMSA)",-0.16035768,99.0,64.0,0.013930168771790987,0.03714281662637443,0.009223531900537998,0.40498978,1.0249237
1720.0,519258,"Colorado Springs, CO (MSA)",0.86787033,78.0,100.0,0.0026918479836455724,0.0,0.0,0.22269185,1.6681645
1740.0,135785,"Columbia, MO (MSA)",-1.5323458,98.0,100.0,0.017213946262814597,0.016509259230676622,0.003057261295829256,0.056780465,7.8417006
1760.0,538271,"Columbia, SC (MSA)",-0.7645787,100.0,100.0,0.033814501339192345,0.11606991260312198,0.0023821157945987034,0.15226653,2.640273
1800.0,274971,"Columbus, GA-AL (MSA)",-0.8269074,99.0,100.0,0.012465244726487273,0.037629212371800995,0.0014400925592286298,0.06153455,3.8502142
1840.0,1544794,"Columbus, OH (MSA)",0.25988513,99.0,100.0,0.010106986016166964,0.003487199924981245,0.0013877240377510108,0.02498191,2.7131891
1880.0,380689,"Corpus Christi, TX (MSA)",-0.24546725,100.0,68.0,0.025782326949472245,0.005262916364788315,0.05749467579842494,0.38020715,1.6543641
1890.0,78130,"Corvallis, OR (MSA)",0.0659792,55.0,100.0,0.0053579142131503716,0.0009449970784221325,0.0032787096252710835,0.4595816,2.811249
1920.0,3541099,"Dallas, TX (PMSA)",-0.22867998,100.0,100.0,0.06695996195797978,0.016098053139072484,0.00853111318364792,0.09158913,2.17532
1960.0,358826,"Davenport-Moline-Rock Island, IA-IL (MSA)",-0.91260684,100.0,100.0,0.022516657740975787,0.018517044043589115,0.004736193814992267,0.045769896,4.1087456
2000.0,950177,"Dayton-Springfield, OH (MSA)",-0.5002998,100.0,100.0,0.008137839577799334,0.0015746857565764555,0.0006983271948912471,0.010410853,3.705984
2020.0,495669,"Daytona Beach, FL (MSA)",0.4783041,100.0,61.0,0.07319400402882906,0.2132665155283817,0.06649714122291606,0.6053042,1.0688713
2030.0,146055,"Decatur, AL (MSA)",-0.98815924,93.0,100.0,0.0385158196753178,0.05221293418487741,0.003789751582419394,0.1645185,3.8511612
2040.0,114489,"Decatur, IL (MSA)",-0.99899614,100.0,100.0,0.009101466581293776,0.0130646492496736,0.0008605189579770656,0.023026634,4.9873834
2080.0,2120775,"Denver, CO (PMSA)",0.8363913,85.0,100.0,0.017234055334847908,0.0,4.9913595499157255e-06,0.16723904,1.5290611
2120.0,457462,"Des Moines, IA (MSA)",-0.84009665,99.0,100.0,0.01534238444995807,0.024989790307672285,0.011387962911606105,0.061720137,3.6620333
2160.0,4444693,"Detroit, MI (PMSA)",0.05446281,100.0,82.0,0.028144849874046692,0.04008534407345451,0.011268946529988683,0.2451893,1.2411451
2180.0,138048,"Dothan, AL (MSA)",-0.9431387,100.0,100.0,0.00787617446007018,0.08024378983555434,0.0031225294897709492,0.09124249,4.2563744
2190.0,127122,"Dover, DE (MSA)",0.31534323,100.0,78.0,0.032673367862982694,0.09073503079054483,0.08218393322907767,0.380362,2.181916
2200.0,89179,"Dubuque, IA (MSA)",-0.9588186,92.0,100.0,0.019937117452599656,0.009176763221457582,0.003315180152307651,0.11242906,4.6055536
2240.0,243739,"Duluth-Superior, MN-WI (MSA)",-0.2934594,99.0,85.0,0.03486288448861672,0.1672555705920377,0.016391101956649168,0.34423313,2.0149717
2320.0,682111,"El Paso, TX (MSA)",0.7277706,95.0,100.0,0.0012430237551493322,0.0,7.166938503288685e-05,0.051314693,2.3477886
2330.0,183405,"Elkhart-Goshen, IN (MSA)",-0.8325504,100.0,100.0,0.022272147705331917,0.0341122865519997,0.0098457892182397,0.06623022,4.0081205
2335.0,91005,"Elmira, NY (MSA)",-0.76975363,67.0,100.0,0.013446151176429276,0.0012315142100627113,0.0008220971912783936,0.34549975,3.5560894
2340.0,57661,"Enid, OK (MSA)",-0.46963257,100.0,100.0,0.011118049868372207,0.00018799068191414299,0.0034991969854543496,0.014805238,3.8586347
2360.0,280695,"Erie, PA (MSA)",-0.6262951,98.0,52.0,0.005245164561188573,0.02818965995210191,0.003839482916010528,0.5097826,1.6713277
2400.0,323271,"Eugene-Springfield, OR (MSA)",0.34311852,39.0,100.0,0.011611601499631486,0.0005153077588593855,0.0029935684489350296,0.62512046,1.2243577
2440.0,296282,"Evansville-Henderson, IN-KY (MSA)",-1.0457487,100.0,100.0,0.034229333421599555,0.04896117891248924,0.0035354186248000553,0.08672593,3.9929748
2520.0,174654,"Fargo-Moorhead, ND-MN (MSA)",-1.2707556,100.0,100.0,0.0061391210033679665,0.0027313966698578793,0.020706188162712035,0.029576706,5.97526
2560.0,302914,"Fayetteville, NC (MSA)",-0.508336,100.0,100.0,0.008344317464748443,0.1438949393947632,0.002913931608807194,0.15515319,2.7050788
2580.0,313361,"Fayetteville-Springdale-Rogers, AR (MSA)",-0.40400937,74.0,100.0,0.024218412666549408,0.0036769113109431004,0.0014332011543866402,0.28932852,2.064204
2620.0,122708,"Flagstaff, AZ-UT (MSA)",-0.418257,82.0,100.0,0.0002820151516350942,0.0005168731644276972,0.00038715237921835294,0.18118604,3.1154153
2640.0,436872,"Flint, MI (PMSA)",-0.3153763,100.0,100.0,0.02329819188458599,0.06398618197261129,0.00851250286917286,0.095796876,2.750336
2655.0,125847,"Florence, SC (MSA)",-0.4279859,100.0,100.0,0.007979933284631199,0.23019363744192498,0.0004964190548315713,0.23866999,2.937962
2670.0,252804,"Fort Collins-Loveland, CO (MSA)",0.5740648,72.0,100.0,0.032300495528543305,0.0001090176493980478,0.0001152373568121995,0.31252474,1.7872449
2680.0,1632071,"Fort Lauderdale, FL (PMSA)",0.72071844,100.0,55.0,0.04019919090700812,0.11959650945484925,0.39852168181893377,0.75707453,0.6535772
2700.0,443946,"Fort Myers-Cape Coral, FL (MSA)",-0.14938621,100.0,73.0,0.03616265496806411,0.24208431540377182,0.07995855435795139,0.53149,1.2812364
2710.0,320734,"Fort Pierce-Port St. Lucie, FL (MSA)",0.44561318,100.0,54.0,0.10710351731344833,0.1079023280385894,0.1353996254862041,0.649219,1.1887226
2720.0,207869,"Fort Smith, AR-OK (MSA)",-1.0431358,85.0,100.0,0.03272245043739886,0.010481222022191601,0.004439540957050355,0.19764322,3.3567379
2750.0,170934,"Fort Walton Beach, FL (MSA)",-0.07139186,100.0,50.0,0.010501174791233251,0.15216145453376745,0.010424054231719486,0.5865433,1.7463965
2760.0,503001,"Fort Wayne, IN (MSA)",-1.2196237,100.0,100.0,0.008325893447191056,0.014960702643237875,0.0023481128561232537,0.02563471,5.3610816
2800.0,1713122,"Fort Worth-Arlington, TX (PMSA)",-0.27238455,100.0,100.0,0.03983621858015034,0.005819254660351118,0.003430321609759432,0.049085796,2.7976818
2840.0,925883,"Fresno, CA (MSA)",0.90788496,88.0,100.0,0.005707295915522486,0.0008004307538135406,0.0022661530662251303,0.12877388,1.8360769
2880.0,103284,"Gadsden, AL (MSA)",-0.50981665,87.0,100.0,0.029619016592313096,0.00877001785218296,0.0017391426626881194,0.17012818,3.406384
2900.0,218176,"Gainesville, FL (MSA)",0.07176816,100.0,100.0,0.024810263056474418,0.09880982196924246,0.030454910711334948,0.154075,2.4784896
2920.0,250727,"Galveston-Texas City, TX (PMSA)",0.6551315,100.0,36.0,0.06079907651579791,0.00851562662995308,0.23905359062026527,0.75101256,1.1799228
2960.0,631827,"Gary, IN (PMSA)",-0.69447035,100.0,72.0,0.016429976758971468,0.02430077061693213,0.008298305307315216,0.3153009,1.7368343
2975.0,124348,"Glens Falls, NY (MSA)",-1.6048446,66.0,100.0,0.04579020939073086,0.017616514542487187,0.0053351609072596895,0.4087419,4.528373
2980.0,113341,"Goldsboro, NC (MSA)",-0.42365012,100.0,100.0,0.006037979992831022,0.19906704250919716,0.002137660678343692,0.20724268,3.1196246
2995.0,116823,"Grand Junction, CO (MSA)",0.46126384,57.0,100.0,0.002454786815434554,1.8442532202967735e-05,0.0003393997786809721,0.43281263,2.1279953
3000.0,1091986,"Grand Rapids-Muskegon-Holland, MI (MSA)",-0.14516415,100.0,98.0,0.020189531879480492,0.049301759570614626,0.00478369407209505,0.092789486,2.38978
3040.0,80196,"Great Falls, MT (MSA)",-0.00999154,83.0,100.0,0.005826913986668366,0.003066324750428245,0.002093250360342491,0.1809865,3.072524
3060.0,183058,"Greeley, CO (PMSA)",0.44817808,93.0,100.0,0.030633732687533558,0.00011795129260526655,8.282047595880587e-05,0.100834504,2.521466
3080.0,227295,"Green Bay, WI (MSA)",0.57362556,100.0,85.0,0.01998031987027694,0.0677988265612969,0.009671658985750922,0.23283319,2.0161753
3120.0,1255125,"Greensboro-Winston-Salem-High Point, NC (MSA)",-0.29141775,99.0,100.0,0.011054369386011426,0.008470034068805445,0.0016829189800883389,0.031207323,3.0958705
3150.0,134116,"Greenville, NC (MSA)",1.3913455,100.0,99.0,0.006034829531733965,0.2620624708612206,0.0028972777329079394,0.27828464,1.9563341
3160.0,965407,"Greenville-Spartanburg-Anderson, SC (MSA)",-0.93512124,89.0,100.0,0.01316049832754665,0.005304170802568698,0.00020203096381616134,0.1286667,2.7141483
3180.0,132130,"Hagerstown, MD (PMSA)",0.33264944,83.0,100.0,0.009283828595441853,0.00557500218782646,0.002577668206561371,0.1874365,2.493968
3200.0,333720,"Hamilton-Middletown, OH (PMSA)",0.023464393,95.0,100.0,0.014717325770351931,0.003865603480845664,0.0012414927581340307,0.06982442,2.7447553
3240.0,629674,"Harrisburg-Lebanon-Carlisle, PA (MSA)",0.5364548,79.0,100.0,0.022969139459966613,0.0050986499905545084,0.0021639363611742728,0.24023172,1.6292934
3283.0,1150619,"Hartford, CT (NECMA)",0.48542982,88.0,100.0,0.032720291107787014,0.06142682836806791,0.018726369220056296,0.23287348,1.4960839
3290.0,342895,"Hickory-Morganton-Lenoir, NC (MSA)",-0.57666487,82.0,100.0,0.024373752799824587,0.004572260731759597,0.0007153195388917513,0.20966133,2.4136906
3360.0,4199526,"Houston, TX (PMSA)",-0.39815277,100.0,97.0,0.02432101759883424,0.012055499036042283,0.01927629419996922,0.08398323,2.3022218
3400.0,315215,"Huntington-Ashland, WV-KY-OH (MSA)",-1.2046235,50.0,100.0,0.013415407021549555,0.001392699126745112,0.0005022344196005603,0.51531035,1.810303
3440.0,343447,"Huntsville, AL (MSA)",-1.2436147,84.0,100.0,0.03577663300079935,0.04448819157967205,0.0030512372615104436,0.24331607,2.848342
3480.0,1612538,"Indianapolis, IN (MSA)",-0.7448606,100.0,100.0,0.008180405744355081,0.005834786672942824,0.0004106018031068123,0.014425795,4.0038266
3500.0,111257,"Iowa City, IA (MSA)",-0.83003175,100.0,100.0,0.010815015741469583,0.01750029113125792,0.007565194993761468,0.035880502,4.4204044
3560.0,441982,"Jackson, MS (MSA)",-0.72970307,100.0,100.0,0.02732188946206741,0.08565972264620543,0.0002727427358868328,0.11325435,3.0016487
3580.0,107582,"Jackson, TN (MSA)",-1.1300251,100.0,100.0,0.008315697637567435,0.07883838136488676,0.004161663306752642,0.09131574,5.063777
3600.0,1103911,"Jacksonville, FL (MSA)",-0.022161968,100.0,82.0,0.06458169288637063,0.23222012831172534,0.06085571047044124,0.47327918,1.0591615
3610.0,139543,"Jamestown, NY (MSA)",-0.64898074,77.0,95.0,0.015603243543469394,0.014330279727513094,0.0008835596526975632,0.29777622,2.8684938
3620.0,152489,"Janesville-Beloit, WI (MSA)",-0.27588543,100.0,100.0,0.02118672795751628,0.020015425296437423,0.006725588293714405,0.04792774,3.3310556
3640.0,608950,"Jersey City, NJ (PMSA)",0.28826797,94.0,78.0,0.04001561483358213,0.03667549061558836,0.01465358666695693,0.33804885,1.4410934
3660.0,480327,"Johnson City-Kingsport-Bristol, TN-VA (MSA)",-0.8663563,46.0,100.0,0.010960074241814503,0.0015996747156841412,0.00036711759531793576,0.55292684,1.3518708
3680.0,232187,"Johnstown, PA (MSA)",0.4373934,68.0,100.0,0.004339455495167765,0.0022589265655949707,0.0006676802445506645,0.32726607,1.8350359
3710.0,157667,"Joplin, MO (MSA)",-1.3846338,99.0,100.0,0.013681708385806065,0.02234161574769325,0.005913361875603794,0.051936686,6.3960743
3720.0,453138,"Kalamazoo-Battle Creek, MI (MSA)",0.04513974,100.0,100.0,0.028798875686655546,0.06284767429260338,0.007008743549463375,0.09865529,2.4802504
3740.0,103871,"Kankakee, IL (PMSA)",0.0011251341,100.0,100.0,0.01259705429825678,0.014230132263882634,0.0025714582016337327,0.029398644,3.1808586
3760.0,1781537,"Kansas City, MO-KS (MSA)",-0.79256713,99.0,100.0,0.023073396864967503,0.013733529674664175,0.011346091372504306,0.05815302,3.1908052
3800.0,150056,"Kenosha, WI (PMSA)",0.85169935,100.0,56.0,0.038770403108286784,0.021747305594965065,0.009229227629916351,0.4790583,1.7547425
3810.0,314252,"Killeen-Temple, TX (MSA)",-1.0092105,99.0,100.0,0.022835264168790226,7.874444241073504e-05,0.00042253622862933394,0.033336546,4.5897794
3840.0,689071,"Knoxville, TN (MSA)",-0.37212443,65.0,100.0,0.03430476491299471,0.0008043855679713897,0.00020693280148542206,0.38531607,1.4200677
3850.0,101563,"Kokomo, IN (MSA)",-0.95596826,100.0,100.0,0.005664756071104934,0.009230937338896378,0.0009936766328102235,0.01588937,4.9113264
3870.0,126990,"La Crosse, WI-MN (MSA)",0.41301635,70.0,100.0,0.02760565487929651,0.020625669851578883,0.009578450424481282,0.35780978,2.178696
3880.0,385955,"Lafayette, LA (MSA)",-1.0335966,100.0,100.0,0.00431424241565056,0.014573021092217083,0.001203145529379393,0.020090409,4.844548
3920.0,183098,"Lafayette, IN (MSA)",-0.3441132,100.0,99.0,0.020983700784596805,0.10775177888506639,0.124049844505626,0.26025748,2.484033
3960.0,183523,"Lake Charles, LA (MSA)",-1.0483427,100.0,100.0,0.13593220843808504,0.05744801170429841,0.2960225774283285,0.4894028,2.322959
3980.0,485558,"Lakeland-Winter Haven, FL (MSA)",0.2610534,100.0,99.0,0.05152888157136708,0.18904104348841375,0.07433504463221033,0.32175592,1.563471
4000.0,471629,"Lancaster, PA (MSA)",0.28924814,91.0,100.0,0.02328177808289552,0.003085920822594615,0.0026816286083452124,0.119049326,2.2425003
4040.0,448052,"Lansing-East Lansing, MI (MSA)",0.1927484,100.0,100.0,0.008766558045243695,0.05421102716460402,0.005602900095606802,0.068580486,2.5759208
4120.0,1582679,"Las Vegas, NV-AZ (MSA)",-0.6918355,68.0,100.0,0.0005432840358872493,6.474691139325036e-05,5.807037136948593e-05,0.3206661,1.385496
4150.0,100131,"Lawrence, KS (MSA)",-0.5781117,99.0,100.0,0.02949289053725378,0.004411995324025356,0.011588115148174026,0.055493,3.8567474
4243.0,103834,"Lewiston-Auburn, ME (NECMA)",0.9728033,91.0,93.0,0.079017375922035,0.020680288074486044,0.019921669299088424,0.26494598,2.2408197
4280.0,480567,"Lexington, KY (MSA)",0.1869609,95.0,100.0,0.00589908240733007,0.003033359832236812,9.459618918901496e-05,0.05902704,2.6255813
4320.0,155228,"Lima, OH (MSA)",-0.88453645,100.0,100.0,0.011302209453866714,0.003071711532851536,0.0006455564971947251,0.015019477,4.628184
4360.0,251008,"Lincoln, NE (MSA)",0.7611754,100.0,100.0,0.008157055197563209,0.0010750341310576143,0.006641227063229984,0.015873317,2.6234624
4400.0,585228,"Little Rock-North Little Rock, AR (MSA)",-0.84868586,96.0,100.0,0.03472309902536843,0.059908220463916695,0.0024293364226410977,0.13706066,2.7923145
4420.0,208797,"Longview-Marshall, TX (MSA)",-1.2839355,100.0,100.0,0.02540181214693014,0.06757501461925422,0.013516268381595937,0.10649309,4.74681
4480.0,9546597,"Los Angeles-Long Beach, CA (PMSA)",0.49499214,59.0,81.0,0.002831420580398096,0.00022455830877718917,9.623927519022393e-05,0.5246533,0.6265944
4520.0,1027058,"Louisville, KY-IN (MSA)",-0.46531576,91.0,100.0,0.015478024334510971,0.020540010069883218,0.0009197283522172164,0.12693776,2.3400092
4600.0,242882,"Lubbock, TX (MSA)",-0.7404839,100.0,100.0,0.004428924698096384,0.0,0.00014089310071094653,0.004569818,4.326721
4640.0,215175,"Lynchburg, VA (MSA)",-0.8257174,79.0,100.0,0.010466029455815994,0.002311795175241648,0.0004717770126389347,0.2232496,2.8959186
4680.0,323248,"Macon, GA (MSA)",-0.83931273,100.0,100.0,0.011673761368381181,0.06655733027951434,0.0007683812800807435,0.078999475,3.620202
4720.0,427957,"Madison, WI (MSA)",0.40438956,94.0,100.0,0.026058944246293354,0.016042112553830177,0.011317872638521154,0.11341893,2.2471561
4800.0,175677,"Mansfield, OH (MSA)",-0.90952533,97.0,100.0,0.006936001341830492,0.005302921660817492,0.00235438944482837,0.04459331,4.3915715
4880.0,573920,"McAllen-Edinburg-Mission, TX (MSA)",-0.44865185,100.0,100.0,0.00812207417710861,7.240861350725337e-07,0.0011941990582683762,0.009316998,3.6774044
4890.0,181886,"Medford-Ashland, OR (MSA)",0.84818846,31.0,100.0,0.004970848045268655,0.00037676069584529904,0.0021922643861959604,0.69753987,1.38683
4900.0,478012,"Melbourne-Titusville-Palm Bay, FL (MSA)",0.51948243,100.0,60.0,0.05943311167962109,0.17393105226012923,0.17088714516090472,0.64255077,1.0374708
4920.0,1138484,"Memphis, TN-AR-MS (MSA)",1.1808224,100.0,100.0,0.04218389844321379,0.07862332365811783,0.001001184542640752,0.12180841,1.7646465
4940.0,211710,"Merced, CA (MSA)",0.63786805,93.0,100.0,0.007280717052651255,0.002017636571173878,0.022295825174594937,0.10159418,2.3867307
5000.0,2265208,"Miami, FL (PMSA)",0.94485056,100.0,51.0,0.05845486144731196,0.08756450464534732,0.3957652101936211,0.76631016,0.5952661
5080.0,1501615,"Milwaukee-Waukesha, WI (PMSA)",0.4569242,100.0,62.0,0.02450482127061313,0.02920920937439204,0.007297388875738057,0.41782707,1.0286416
5120.0,2979245,"Minneapolis-St. Paul, MN-WI (MSA)",0.377654,99.0,100.0,0.06372453572660544,0.032291157726752076,0.08624794395786534,0.19226363,1.4473755
5160.0,541522,"Mobile, AL (MSA)",-0.9985673,100.0,85.0,0.024285452502495638,0.11784669212402384,0.026295033117534634,0.2931631,2.0380118
5170.0,450096,"Modesto, CA (MSA)",0.24703155,88.0,100.0,0.016594666076317113,0.0016769947057157044,0.004499283739580338,0.14277095,2.1665163
5200.0,147246,"Monroe, LA (MSA)",-0.85972834,100.0,100.0,0.027468877106448124,0.14042850802570284,0.0015023558897410407,0.16939974,3.5773146
5240.0,333479,"Montgomery, AL (MSA)",-0.991755,100.0,100.0,0.02161195856979268,0.08171684870488609,0.004242572260220224,0.10757138,3.5814338
5330.0,197966,"Myrtle Beach, SC (MSA)",-0.8307686,100.0,59.0,0.028892805656951546,0.30410814586945817,0.020310318620513943,0.6184536,1.8298993
5345.0,254171,"Naples, FL (MSA)",0.28914294,100.0,48.0,0.03082800060465585,0.32548512640468863,0.13570297047066332,0.7561677,1.2103633
5360.0,1235818,"Nashville, TN (MSA)",-0.40588725,90.0,100.0,0.019776157584921416,0.007633114964594871,0.0009234016726928255,0.12833267,2.2373788
5483.0,1708336,"New Haven-Bridgprt-Stamfrd-Danbry-Wtrbry, CT (PMSA)",0.19096313,89.0,70.0,0.037241310834962654,0.05218909510942284,0.014976524766280865,0.45008487,0.97508156
5523.0,259411,"New London-Norwich, CT (NECMA)",0.45581627,94.0,61.0,0.044925308664726896,0.0660954164139953,0.020976866314132165,0.5071185,1.4649011
5560.0,1337171,"New Orleans, LA (MSA)",-1.2392069,100.0,89.0,0.3255803650770381,0.06348128986837914,0.3288085997550055,0.7489045,0.80832744
5600.0,9321820,"New York, NY (PMSA)",0.6543778,96.0,68.0,0.042582795721094045,0.025137508852223375,0.016066201867942147,0.40417483,0.75882995
5640.0,2035127,"Newark, NJ (PMSA)",0.67816186,93.0,83.0,0.03815995771045039,0.041081230518080346,0.013467486045712889,0.3050482,1.1561778
5660.0,389579,"Newburgh, NY-PA (PMSA)",-0.046225086,78.0,100.0,0.051346980774841046,0.026287013731896066,0.001974906022414093,0.2996089,1.7879288
5720.0,1574204,"Norfolk-Virginia Beach-Newport News, VA-NC (MSA)",0.11995864,100.0,58.0,0.03908809030660364,0.21242212016690293,0.05493731433791347,0.5977396,0.8157288
5775.0,2402553,"Oakland, CA (PMSA)",0.6193581,63.0,71.0,0.057589090321838635,0.0013292386452615004,0.031172560056656775,0.6166645,0.7042071
5790.0,260451,"Ocala, FL (MSA)",2.2292984,100.0,100.0,0.036900959396189266,0.08900720422468263,0.04508329890550773,0.17099147,1.7342399
5880.0,1085282,"Oklahoma City, OK (MSA)",-0.3716212,100.0,100.0,0.023247758852214525,0.0002186667905409375,0.0011341397224204882,0.024600565,3.2940452
5910.0,208355,"Olympia, WA (PMSA)",0.574029,69.0,92.0,0.010893002688872864,0.009263648335704562,0.0012500286299835402,0.38489413,1.7508687
5920.0,718473,"Omaha, NE-IA (MSA)",-0.55850136,99.0,100.0,0.01436481591977853,0.004229550833357966,0.004783060665734196,0.033377428,3.470304
5960.0,1655966,"Orlando, FL (MSA)",0.31624892,100.0,100.0,0.10340975360145382,0.18192726275385807,0.07592819057213189,0.3612652,1.1201638
6020.0,151086,"Parkersburg-Marietta, WV-OH (MSA)",-0.6653284,62.0,100.0,0.01359852700935543,0.000573990362035155,0.00048253785048853426,0.39465505,2.51822
6080.0,412882,"Pensacola, FL (MSA)",-0.8569118,100.0,58.0,0.0157225061039058,0.15072526168345313,0.015840071179182444,0.525727,1.4766289
6120.0,347162,"Peoria-Pekin, IL (MSA)",-0.37754768,99.0,100.0,0.02356449548431441,0.012755664276479665,0.0035084808472549017,0.04982864,3.227832
6160.0,5104291,"Philadelphia, PA-NJ (PMSA)",1.126679,98.0,100.0,0.030294440112459207,0.04247913374262021,0.008827964762819438,0.10160154,1.6450509
6200.0,3276392,"Phoenix-Mesa, AZ (MSA)",0.61092466,87.0,100.0,0.004301374905423234,0.005045029808336061,0.0001119358922064702,0.13945834,1.6135566
6240.0,84226,"Pine Bluff, AR (MSA)",-1.7647055,100.0,100.0,0.025891222808718705,0.15398732616620192,0.0022753525096544393,0.1821539,12.148008
6280.0,2356275,"Pittsburgh, PA (MSA)",0.09829904,71.0,100.0,0.009362550393196702,0.0003168161340415776,0.0005536793964377535,0.30023304,1.204991
6323.0,134787,"Pittsfield, MA (NECMA)",-0.60347074,70.0,100.0,0.018795148875482694,0.03363063737342582,0.004323058794436834,0.35674885,2.704568
6340.0,75536,"Pocatello, ID (MSA)",-0.5609774,71.0,100.0,0.02073498399719444,0.00996736091773378,0.0028140495209704403,0.3235164,3.6492124
6403.0,265871,"Portland, ME (NECMA)",0.7431564,95.0,61.0,0.06520527792947357,0.031089231891449104,0.02511070662692635,0.49455717,1.4235411
6440.0,1924591,"Portland-Vancouver, OR-WA (PMSA)",0.2674773,66.0,100.0,0.030916303307818006,0.0031563609112518977,0.0013674806522540116,0.37544015,1.0669582
6483.0,964594,"Providence-Warwick-Pawtucket, RI (NECMA)",1.8920596,99.0,99.0,0.036382407375446464,0.05952999021026333,0.024123473909007712,0.13873552,1.6055467
6520.0,370588,"Provo-Orem, UT (MSA)",0.20841809,45.0,100.0,0.04126759305884207,2.8969779280110734e-05,0.00454512091184216,0.5958417,1.2173239
6600.0,188966,"Racine, WI (PMSA)",-0.21236911,100.0,49.0,0.03293587801297683,0.021816080573320195,0.008580652104527483,0.54103297,1.7746772
6640.0,1195922,"Raleigh-Durham-Chapel Hill, NC (MSA)",0.63762254,100.0,100.0,0.024169570855749316,0.054082082883301595,0.0028328092735424274,0.08108446,2.109414
6660.0,88752,"Rapid City, SD (MSA)",-0.73510665,80.0,100.0,0.0018913711156599634,0.004844774948508111,0.008956333434860091,0.21569248,3.8213954
6680.0,374290,"Reading, PA (MSA)",0.5510229,85.0,100.0,0.008583767192256874,0.0031412843059369787,0.0030938463173621872,0.1648189,2.0302742
6690.0,163851,"Redding, CA (MSA)",0.027869297,48.0,100.0,0.016314676452248177,9.219063375161379e-05,0.00010084034879481747,0.5365077,1.8249019
6720.0,341496,"Reno, NV (MSA)",-0.30601346,52.0,100.0,0.07956114790911517,0.0003579483266502941,0.0003871637507896346,0.56030625,1.3864645
6740.0,192600,"Richland-Kennewick-Pasco, WA (MSA)",0.7886852,91.0,100.0,0.03149793404645036,0.00028911478826501433,0.0008518985062438984,0.12263895,2.2897198
6760.0,999325,"Richmond-Petersburg, VA (MSA)",-0.37779462,100.0,99.0,0.02503839126309526,0.041048912055100695,0.012831434378019336,0.08812955,2.5996091
6780.0,3280236,"Riverside-San Bernardino, CA (PMSA)",0.5258856,63.0,100.0,0.006572301915091148,0.0014360694867418058,0.0009586092746501514,0.378967,0.9431942
6800.0,235876,"Roanoke, VA (MSA)",-0.55422455,62.0,100.0,0.013490163750313441,0.00058320445642053,0.000329832854530891,0.3944032,2.026449
6840.0,1098314,"Rochester, NY (MSA)",-0.057178676,99.0,72.0,0.012958429824055403,0.008989516560952492,0.0021703527424395738,0.30456516,1.4036162
6880.0,372117,"Rockford, IL (MSA)",-0.5298573,100.0,100.0,0.006192464104198592,0.014263358523335181,0.0014103088361362014,0.021866132,3.684496
6895.0,143085,"Rocky Mount, NC (MSA)",-0.5157553,100.0,100.0,0.006684804772266251,0.17512697530390195,0.0027061120174285023,0.18451789,3.0798628
6960.0,402950,"Saginaw-Bay City-Midland, MI (MSA)",-0.011556488,100.0,92.0,0.011872736977572875,0.07329132098376138,0.006049895809709618,0.16391684,2.2259817
6980.0,167983,"St. Cloud, MN (MSA)",-0.114927515,100.0,100.0,0.0429263455242077,0.042113362162819,0.12092410077356328,0.2059638,2.561532
7000.0,102541,"St. Joseph, MO (MSA)",-1.5072727,99.0,100.0,0.015799196509346632,0.028458140990350815,0.00822424660995315,0.062481586,7.939646
7040.0,2606023,"St. Louis, MO-IL (MSA)",-0.7286122,96.0,100.0,0.03001696008783374,0.03552092628945379,0.005294751460059196,0.11083264,2.3558264
7080.0,348084,"Salem, OR (PMSA)",0.40532306,68.0,100.0,0.006289757888245853,0.000632290899934075,0.0036711830801185686,0.33059323,1.6449219
7120.0,403092,"Salinas, CA (MSA)",0.28531894,45.0,76.0,0.002149910136950254,7.567485190650059e-05,0.0019834963525469664,0.6611989,1.100336
7160.0,1337221,"Salt Lake City-Ogden, UT (MSA)",-0.030384822,57.0,80.0,0.199745503326751,0.0011048062361677722,0.019039784992863372,0.71991205,0.74531084
7240.0,1599378,"San Antonio, TX (MSA)",-0.21295145,98.0,100.0,0.010627289620007507,0.00015658222750620577,0.0009093210017140475,0.031693194,2.9820375
7320.0,2824809,"San Diego, CA (MSA)",0.46282488,60.0,62.0,0.008670975682235002,0.0003962433290089562,0.0007880116306882425,0.6341103,0.6727623
7360.0,1731716,"San Francisco, CA (PMSA)",0.72492003,58.0,52.0,0.04539809607373344,0.0006059941272094814,0.01743785282219819,0.7313898,0.66158634
7400.0,1683908,"San Jose, CA (PMSA)",0.20881456,42.0,92.0,0.022806698914934902,8.612542276062434e-05,0.0035845731715304463,0.6379592,0.76032656
7460.0,247629,"San Luis Obispo-Atascadero-Paso Robles, CA (MSA)",1.115155,52.0,66.0,0.001749967083414961,0.00011548358742393064,0.0003499239528710079,0.65826213,1.2240349
7480.0,399753,"Santa Barbara-Santa Maria-Lompoc, CA (MSA)",0.87240803,25.0,57.0,0.004233413653324773,0.00016124509879008486,0.00019284158247206103,0.8601149,0.8891545
7485.0,255813,"Santa Cruz-Watsonville, CA (PMSA)",0.7640807,52.0,55.0,0.0048230005561591995,6.425492514911666e-05,0.0022206760876199746,0.71790934,1.1887424
7490.0,148036,"Santa Fe, NM (MSA)",0.020290686,63.0,100.0,0.0019360743092951367,0.0,0.00023968403215329402,0.37217575,2.1905851
7500.0,460268,"Santa Rosa, CA (PMSA)",1.3241285,45.0,88.0,0.019870853872936488,0.0004931883545043635,0.009187384724484956,0.63000524,1.0017296
7510.0,592965,"Sarasota-Bradenton, FL (MSA)",0.9218807,100.0,48.0,0.031217059765204575,0.20237044494853162,0.07111215241787329,0.66625583,0.9216967
7520.0,293454,"Savannah, GA (MSA)",-0.52421963,100.0,74.0,0.11973928935195724,0.2366126005269547,0.1045264230960322,0.60104996,1.4564685
7560.0,623543,"Scranton-Wilkes-Barre-Hazleton, PA (MSA)",0.007646776,77.0,100.0,0.02518638170012415,0.02657493191648949,0.006048334597073061,0.28780964,1.6165924
7600.0,2418121,"Seattle-Bellevue-Everett, WA (PMSA)",0.9234414,73.0,82.0,0.03650785874352647,0.005793775237060636,0.00025782169359420094,0.43629876,0.88186115
7610.0,120178,"Sharon, PA (MSA)",-0.19950029,59.0,100.0,0.00857743879571156,0.0024499259330971624,0.0009499361343289714,0.4219773,2.419983
7640.0,110988,"Sherman-Denison, TX (MSA)",-1.0083613,100.0,100.0,0.06259381164555933,0.0035123617207658093,0.0023105536560433836,0.06841673,4.7490015
7720.0,124132,"Sioux City, IA-NE (MSA)",-1.1173003,99.0,100.0,0.010719616342076532,0.001953594311779894,0.007898517255615687,0.030571727,5.3568873
7760.0,173480,"Sioux Falls, SD (MSA)",-0.96180904,100.0,100.0,0.013373029127042333,0.00049178369362159,0.019892518484612244,0.033757333,4.645673
7800.0,265639,"South Bend, IN (MSA)",-1.2400913,100.0,95.0,0.015924951619027256,0.03152021784105636,0.010973203852048625,0.10549746,4.3622136
7840.0,418476,"Spokane, WA (MSA)",0.68721837,75.0,100.0,0.020283272313177763,0.0011301133602580119,0.0019091829456788902,0.27332258,1.6441077
7920.0,326879,"Springfield, MO (MSA)",-0.75128365,95.0,100.0,0.010317257406206903,0.0051752380566504495,0.0007516673139198161,0.06624416,3.5972419
8003.0,608694,"Springfield, MA (NECMA)",0.71673334,85.0,100.0,0.04159376191736211,0.0630930762087089,0.016159811650737887,0.27084664,1.5232978
8050.0,135832,"State College, PA (MSA)",0.7740856,96.0,100.0,0.02562105613623806,0.048795258800638314,0.009227047693280187,0.12364336,2.4057698
8080.0,131609,"Steubenville-Weirton, OH-WV (MSA)",-0.53316337,69.0,100.0,0.016570501029133124,0.001175371881041348,0.0014843898403761626,0.32923025,2.7437396
8120.0,568324,"Stockton-Lodi, CA (MSA)",0.58965874,92.0,100.0,0.03025888279068242,0.002127095259182885,0.008088640572451834,0.12047462,2.072873
8140.0,104809,"Sumter, SC (MSA)",-0.9014547,100.0,100.0,0.033549618458482,0.19214193359042014,0.003169903814340378,0.22886145,3.8401868
8160.0,731969,"Syracuse, NY (MSA)",-0.5863397,91.0,100.0,0.048429339309383895,0.03797872057691441,0.002092688007410167,0.17850074,2.2087793
8200.0,703631,"Tacoma, WA (PMSA)",1.339146,76.0,88.0,0.03205310850572016,0.007908986960326476,0.0006034243596789303,0.36689764,1.2084199
8280.0,2403934,"Tampa-St. Petersburg-Clearwater, FL (MSA)",-0.2189571,100.0,77.0,0.03047380164862882,0.16180560168612523,0.049764587272930816,0.41637388,0.9978694
8320.0,149011,"Terre Haute, IN (MSA)",-1.3878751,99.0,100.0,0.01310202946443174,0.024350995241879815,0.002590861340819046,0.050043885,6.5088487
8360.0,129762,"Texarkana, TX-Texarkana AR (MSA)",-0.7725667,100.0,100.0,0.04428736356511137,0.059029860855766066,0.010615659411104445,0.113932885,3.8152156
8400.0,618111,"Toledo, OH (MSA)",-0.5664964,100.0,84.0,0.013681806194633253,0.015889509509520998,0.005721330822657914,0.18964583,2.2091424
8440.0,170024,"Topeka, KS (MSA)",-0.9388171,99.0,100.0,0.02535740145974781,0.0032923020964368164,0.010835299073704608,0.049485,4.4381547
8480.0,351254,"Trenton, NJ (PMSA)",1.7536701,98.0,100.0,0.022388128915608686,0.06746754892794096,0.007986411184109992,0.117842086,1.8817972
8520.0,848642,"Tucson, AZ (MSA)",1.5173635,77.0,100.0,0.0006192523190413733,5.003491275050588e-05,8.432850463568407e-07,0.23067012,1.4191339
8560.0,804774,"Tulsa, OK (MSA)",-0.78415143,98.0,100.0,0.03788627488435173,0.0032805520573657267,0.001722028332847792,0.06288885,3.3535187
8640.0,175418,"Tyler, TX (MSA)",0.15592432,100.0,100.0,0.0283702145909313,0.05833670784301168,0.014254405760505946,0.10096133,2.7040546
8680.0,299420,"Utica-Rome, NY (MSA)",-0.732668,88.0,100.0,0.02170029797464556,0.033309871278340696,0.0019924124212244406,0.17700258,2.7906203
8720.0,521972,"Vallejo-Fairfield-Napa, CA (PMSA)",0.9641886,65.0,88.0,0.03978917607717577,0.0016765979905455815,0.03078713247789033,0.49158257,1.1440909
8735.0,757097,"Ventura, CA (PMSA)",1.2058959,35.0,59.0,0.0037125809053480917,0.0008706010052187005,0.00041042121728835225,0.7964462,0.7495063
8760.0,146407,"Vineland-Millville-Bridgeton, NJ (PMSA)",1.1887708,100.0,83.0,0.03789873575441891,0.09202184040572052,0.09613856899059314,0.3576291,1.8503134
8780.0,368982,"Visalia-Tulare-Porterville, CA (MSA)",0.45812285,81.0,100.0,0.003784190519545029,0.0005183649167861548,6.929950697429829e-05,0.19437185,1.9665818
8840.0,4948213,"Washington, DC-MD-VA-WV (PMSA)",0.31053925,99.0,94.0,0.03309658967001566,0.032582499509072625,0.008846392170641489,0.13945395,1.6058275
8920.0,127858,"Waterloo-Cedar Falls, IA (MSA)",-0.8396053,100.0,100.0,0.0072444413682090135,0.01589000326319042,0.00814597975651713,0.031280424,4.427537
8940.0,125869,"Wausau, WI (MSA)",0.18397494,100.0,100.0,0.01702683173672509,0.08592850551970041,0.015581994714915845,0.11853733,2.7627184
8960.0,1136136,"West Palm Beach-Boca Raton, FL (MSA)",0.30664915,100.0,58.0,0.03248049652487425,0.10800975240278603,0.23899311288686487,0.64010036,0.8282847
9000.0,152828,"Wheeling, WV-OH (MSA)",-1.3376187,58.0,100.0,0.013201028543515377,0.00032028562124631726,0.0012840777779540404,0.4348054,3.1188865
9040.0,545991,"Wichita, KS (MSA)",-1.1872097,100.0,100.0,0.009626262098034384,6.801656312474473e-05,0.0068703704813748556,0.016564649,5.453317
9080.0,140326,"Wichita Falls, TX (MSA)",-0.58532643,100.0,100.0,0.02742583182909408,0.0006165919328796815,0.003387613716494069,0.031430036,3.8691676
9160.0,588087,"Wilmington-Newark, DE-MD (PMSA)",0.46796373,97.0,98.0,0.03897549438865209,0.026281670547093808,0.0339844580164088,0.1466568,1.9911681
9280.0,382671,"York, PA (MSA)",1.1559123,91.0,100.0,0.024292529990704984,0.0043291996386468825,0.0024000680406851323,0.1210218,1.9949545
9320.0,593902,"Youngstown-Warren, OH (MSA)",-0.38243657,96.0,100.0,0.02164888932526209,0.035022075397367056,0.00848100696230223,0.10515197,2.6291556
9340.0,139591,"Yuba City, CA (MSA)",0.20115004,90.0,100.0,0.013790442033271955,0.0032369951104030477,0.021938652415747145,0.13896608,2.6539721
9360.0,161107,"Yuma, AZ (MSA)",0.587611,94.0,100.0,0.004701063405667595,0.0015982518284642412,0.001621041793802786,0.06792036,2.5822918
